subject_ID,tau,subjective_cost,patience,c_max,belief_bias,exaggeration_factor,hazard_lapse,log_likelihood,n_obs
28,11.582240729239004,-117.10113270814917,6.891175444452452,11.69250797950643,0.8338932277476678,1.4015277495852234,0.38385582727730305,-156.16565509358188,558
10,15.93103900989027,-131.93208647272513,6.571963960673477,21.05960665601824,1.499839537247681,1.5373001173798189,0.4288621937692936,-157.36980194152645,579
53,2.5945075634041714,-11.134111343640654,9.848988220610028,6.215135687175319,2.0409832401865025,1.670432293485446,0.9999999999999938,-132.26388167419842,755
39,19.56640877116682,-109.83724643590679,5.6977585611496515,31.348160517606285,1.0082411793485446,2.035317951236157,0.8701988261054195,-162.7643704389368,535
37,81.23498030429779,-299.9999959528421,6.060424977937512,79.99999983003194,1.2878587085651816e-14,1.6158379460021082,0.8480213171407267,-205.24242987607556,491
1,11.138935747346281,-72.45794343171215,7.0573495364177665,15.995879325815949,0.8442249319094075,1.5034669988247977,0.5827959166509311,-151.31499544968653,597
18,6.137831471759938,-40.4386031073725,6.063737972993184,8.524088754110892,0.33928874512452767,2.009803481935325,0.999999999999993,-143.5758114762112,484
8,2.773685049818539,-11.116283355852516,10.34682037205664,4.10154476875784,0.5409609874607122,1.8809603166905906,0.9999999999998836,-166.78675764074,684
32,8.112165290610704,-38.03357378595467,6.251084383067724,9.255667424527104,0.9571482711352988,1.8953703139681315,0.9999999999999323,-165.35417763671325,466
68,28.09960822008304,-209.1425606525515,5.05937207416476,48.19588264645299,7.413960971163602e-17,1.3905399234845903,0.6752226882882418,-159.47124674596222,531
70,27.54943626217751,-267.3204303915111,4.765410979358105,53.75153255262575,0.45345488550171886,2.7639752853364064,0.9999999999997379,-145.60353005567495,559
44,8.643097573786548,-49.423259910341955,6.952744523873031,11.874015487023726,0.33241525903758573,1.4700658231835066,0.9532107543421681,-157.36081580481837,576
14,5.472278721344949,-42.05925216704124,10.677944298394305,5.258156187744277,1.3723878272988075,2.408210508890873,0.9886530864258084,-164.86933893590762,671
78,6.358415196077246,-27.118653976840648,10.00624257234908,11.191488532822742,1.566611184502114,3.0919515161099493,0.9999999999998926,-154.38786755757184,750
84,5.284925305691296,-39.149979992051584,6.870234513294665,12.533778807460951,0.9547975617011379,1.8747977166692051,0.9311930872653515,-121.03579219429479,611
55,47.648123942539996,-299.99999999999477,2.9726316104882162,79.99999999999447,0.7983725497003593,1.1332848760788177,0.36404607808585737,-170.66490011759976,340
34,23.96342592486775,-186.75077118668742,5.22699597791306,79.99999999999915,1.6740759553818796,2.630401581942457,0.9878090887762535,-145.65116664765597,613
74,59.953297816721914,-299.9999999999874,5.94588020239855,64.8856488987507,0.7241330060215543,1.1532013271725914,0.643065206460093,-189.13499423120265,521
65,18.693074097571607,-164.96534313090808,5.721455575433626,25.806878898053053,3.7747582836972106e-17,1.7980245998129243,0.564549244294757,-151.83950620617372,540
49,22.473758713703717,-110.51665960428325,5.972461628449153,23.316047982696556,0.5989867711147727,1.4875358813595452,0.6485673502690985,-180.4940446842339,473
104,42.7890100516884,-247.63855867886014,4.021882004981753,54.66816196868952,0.10019816460491571,1.3535252177587527,0.6956651480250804,-177.6236022503461,403
89,26.550616949600453,-150.15450630463394,4.79935075594438,62.20037206398813,1.3064580437327227,0.8349488768536626,0.6665292311009128,-160.42733679205733,505
56,11.516997905939675,-106.99155061482345,5.939055620777896,16.10075578642311,2.08511163203837,1.9947383324416113,0.5449682994431859,-146.4207952744409,530
4,11.038933581516751,-83.03818947412712,6.825132769195388,17.644153606692115,0.34592845144534934,1.4666989957483763,0.5289951564729759,-145.65167854789567,598
33,36.49752320954246,-265.51072268693366,5.3398790782474626,79.99999999998249,0.8477696537159949,1.7062175828908077,0.5427950727585137,-159.15710931256606,578
82,20.771735730626727,-112.00307190775023,6.558880377088219,26.02696318129107,0.8432365061069125,1.876251136931459,0.8262441099317259,-170.25622579041746,567
41,11.304593824251796,-68.36480817795018,8.819340694029664,20.164234872238588,1.506461820137074,2.304236735158268,0.3169027525765582,-138.14352354052326,736
47,5.153776084930826,-36.958982396928945,5.687142516039539,13.61251327880169,1.321105916156189,1.1000084823221343,0.9999999999999675,-126.25578007121491,517
51,19.56761556430351,-130.07112101721566,7.028617093081689,23.536498733609616,0.5560423429136037,2.2153877148736805,0.12130340507982201,-162.42722504475836,569
63,18.91584287281724,-128.28545292702938,6.668407559035813,23.000131821388415,1.5675434476460681,2.654808059223358,0.360066435832485,-162.11279821656547,559
99,14.97468927350559,-147.71921734428435,5.5907847327357665,79.99999999999964,1.0676691096552384,1.2376233663596543,0.5410380060965121,-135.3520448169361,633
26,41.69869606025286,-299.99999999999693,6.569938251377511,79.99999999998651,2.0463738620485508,2.051910314025902,0.838997576177834,-171.47179186308148,694
80,43.32052489795445,-183.3428578771318,4.640393255638547,79.99999999999528,1.7763568394002505e-14,1.3893400454562228,0.9154354955562222,-177.57770365433012,479
75,11.849235356312484,-107.7959763340789,6.366434744549094,15.350062542506944,0.8893722441124472,1.7865816970337318,0.45374284410032706,-152.4619748376313,554
13,23.063124933193425,-171.30296103646447,4.178509012688663,56.785991940093,0.8020239615477203,1.5465950049933426,0.6742539516423539,-148.85245243683363,473
29,9.703755523140735,-42.75525395606226,7.309523228553623,13.900550048782769,0.9379200954381499,1.5337192115056237,0.7278740533314437,-161.41430717419954,591
46,36.89329636691408,-217.112040144648,5.065610829386221,50.8475299665269,0.2023243270955506,1.4467295646440557,0.6451185899105089,-175.0895666278088,492
52,43.138846709483595,-299.99999999998096,3.449647367407837,79.99999999999952,1.4323718804832974,1.3080668462026408,0.5630498257694875,-175.50657911017478,420
67,5.631404163203584,-33.977827557678054,6.358362818171537,6.252667354636763,1.8139019151525573,1.6395363299371088,0.999999999999986,-156.79837923798829,464
105,11.557491970410148,-69.72307779374282,6.5448327256447385,12.53498501167784,0.5564750370397906,1.5310075502492102,0.9999999999999971,-172.14560350564412,533
101,15.877355674137085,-151.29917221015546,6.180232851185065,19.59961466902321,0.9990769042396102,1.381697027003918,0.6709516734336968,-157.6178279886814,583
61,8.439593567386915,-61.853798147327026,6.470497929820456,15.480863948303455,1.465752799534068,1.4357183096740203,0.8357284342900143,-141.4726419159401,586
27,31.19260150055105,-241.5450189830007,6.735760024349229,39.49847777801934,0.7176640889725456,2.0951125702120095,0.5680976488345494,-162.45067504217985,627
93,54.29607924150051,-299.9999999999818,5.5582027183681095,45.15492529111573,1.2292152642237963,1.6939935270767157,0.7343152209467196,-185.2996216095528,447
17,3.8455279600957226,-31.39384365638432,12.518693673979174,3.604807174561536,0.9652202814715403,3.138723074916376,0.9999999999999859,-163.53009592459483,661
7,25.63514185776896,-193.57672927122152,6.8359529596673845,30.03492257760779,0.06283107787771502,1.5887308637303312,0.4615040281715731,-167.38153124712804,602
12,10.597240626853655,-81.46534091569782,6.401462960257898,17.894614361076577,0.968171363454831,1.5269249485359322,0.8310454228696142,-144.10861870671772,593
103,4.071302077487552,-52.4367445751017,10.448395731161899,4.366130904486347,0.5703278303184138,1.2871553529447175,0.2576266552341638,-139.18403308911297,771
48,21.902990561450448,-198.14101428428012,3.5230057819251708,64.16781893165081,0.5567051116833377,1.4326275551748124,0.6143626905940219,-147.20981797820778,454
43,27.97370604437187,-183.38874008344814,9.053283626514345,30.31570313049687,2.2119115097484814,2.1538224956857634,7.93809462606987e-15,-164.04047604973533,727
100,36.62263359509485,-275.04557873344015,6.213287893431307,41.96256542825114,0.07715815991517738,1.4905559840949567,0.667625041290436,-172.6601603143687,592
45,8.230381381953258,-77.42189630658713,6.391825888784687,7.938245294289537,0.8664766337252285,1.530365200549339,0.6223609971615544,-152.44816733176455,495
73,8.188799922633514,-86.42994058784583,4.956269390567291,10.227791681326558,0.9421757820057599,1.2441783236597097,0.5560837817691355,-142.71163915755716,420
24,22.54220991607171,-181.03035762323344,5.9240360394114155,37.158508370582375,1.8306992180969903,1.4898953996545525,0.7677773359706666,-156.39397969411309,601
71,35.71078340423569,-182.15488526825862,3.3449040990384535,79.99999999999551,1.113481605779806,3.0832423608708917,0.7601898781336498,-155.02417068000946,381
76,28.223261329731002,-165.09171825546545,5.68966301012855,41.098945385450534,0.7018445159891182,1.9140426143721263,0.7328884058099228,-167.778829239795,537
96,3.710321915704071,-26.34567149535026,5.92395061832761,7.031087489250808,0.36462564192731994,1.7941625103813201,0.9999999999999941,-121.34488881896678,480
98,32.5286514789321,-154.2378112497063,4.798541509584291,59.77434512262646,2.0926338013946615,3.3707354660811633,0.7622111046132752,-156.27733980664402,468
97,41.425560083344905,-161.00523384911935,5.150669493904498,79.99999871655663,2.220446049250313e-15,1.6048314526562737,0.5540848019428048,-170.20395087228962,499
79,38.66064401731976,-209.42885106802302,4.253162564559208,79.9999999999975,1.0185806279129033,2.626121423607927,0.9999999999999944,-161.13129457201407,471
58,54.03267782369065,-299.99999999999795,7.205020847325074,56.46432253010804,1.6690775480526345,2.2860418857552784,0.6026653573341586,-197.22451311302007,621
9,2.71749497280107,-25.53764333745214,6.353335541317595,2.632909375696663,1.6892830886002428,1.0942537406228596,0.9999999999999747,-139.98888154059213,433
35,11.536990165823418,-82.20545020299275,6.266467889402139,14.051640244206906,4.4365917653790627e-16,2.1328941528852035,0.8368414788870838,-156.47357318662478,526
92,20.601481612462536,-103.67939605862063,4.750756053536662,39.58742395553633,0.4523365248565403,2.55382773362951,0.7836214478880692,-152.26796312210263,460
42,9.776409236925645,-64.86151684667625,7.458848637810483,10.065306049549271,1.296480846547575,1.358984368982158,0.12157817852678465,-164.17436497042453,543
40,8.473894343183872,-63.44810091749659,6.300332653909376,11.540517378486257,1.6674451676154243,1.2154417332993976,0.5838419761261087,-151.7023602193454,524
50,13.887315233011925,-160.37037149671747,4.926918656517852,12.918432954530598,1.198372552654482,1.1106256863624928,0.4947930246288979,-164.49454377542762,455
30,7.744553588029099,-66.57979108361863,6.000286330980597,12.239998032758166,0.7047272957668991,1.769151300355733,0.8946207709223619,-137.51620480606056,536
85,30.710125674815032,-289.554836784544,4.507259324583028,79.99999999999085,1.0414594645217503,0.9616676011355842,0.48662076705432644,-156.14979534015373,567
57,5.02027409669796,-36.8447166855984,5.893314478556991,6.177970701278632,1.1565186132768512,2.303248528174468,0.9999999999999976,-141.88598028361972,445
95,39.169549460104705,-227.12198241001892,7.0324078577146185,47.18578370179283,0.5413267305330318,1.2825170172483467,0.722510808387911,-178.3756748596894,630
21,10.267443159296903,-66.79605621346958,5.588557708451616,21.761226794592645,1.3472523719481186,2.0705945376075316,0.9999999999999909,-139.66061714239123,528
5,45.042371861372494,-299.9999999999954,6.122116770486906,46.58704608178372,1.1339007761210678,1.5081072939250013,0.7458202728573291,-178.5532493350767,561
72,25.743376542960554,-126.79396171505833,4.68300644596232,79.99999999997836,0.41112230623124324,1.0582001866123902,0.577135671022786,-155.16886133973608,496
22,7.287211324288137,-95.55358954985755,5.724858149298348,9.604167014821684,0.8544965872051378,1.3413672180412402,0.5544013884142602,-134.22699503864695,508
87,30.922381779029667,-214.34986557430537,4.859514313319324,79.9999999999977,2.218757817156936,2.365775194430364,0.9999999999999989,-158.62087563867317,571
3,39.35704082053692,-269.803028492834,3.118626526627625,79.99999999999956,0.8021273488224683,1.4398152881507555,0.3992891923922735,-158.56810612827547,365
15,54.99463223825267,-263.2036960353799,5.553616267533826,79.99999999999915,2.1837279249515436,1.4094198310232982,0.8906160106618635,-183.93880051955472,546
60,9.666883426574948,-105.306384932267,4.752621121694775,18.437762017212307,1.0981904225001948,1.628856570493459,0.627910788232921,-131.53175195878532,470
16,11.328799096314434,-82.02382150848202,7.231397944656976,10.840400653973209,1.0583177508827517,1.7933375535820575,0.3086715304457251,-161.27156193426393,533
11,10.867774260148693,-161.71868445820675,6.707061062616551,17.570607001462697,1.4661107687659598,2.151000263562872,0.788885212832283,-126.04205743358696,674
83,50.54501740665127,-262.68089235867484,4.342370570846449,79.99999999999866,0.06948275957709837,3.3886157664618617,0.9999999999999951,-176.79550062265565,462
66,48.86874545626603,-284.08881204672446,6.267161378562307,79.99999999999747,0.05381595614683832,2.5999865055714055,0.676974137986193,-176.5065023333111,626
25,20.26610082429267,-137.6132702225604,3.8680525679198774,79.9999999999989,1.5600010293654423,1.729140990342025,0.6703945140978188,-145.65538513547145,466
2,52.764869927525595,-299.9999999998961,7.741814050917617,60.5701236618535,0.4651654759008794,2.1275344835652676,0.7969325637804413,-176.26919362868452,667
91,14.654729031803605,-141.92829982410393,7.0556421351080765,18.304894638491835,0.12483308440658325,1.6675007458150604,0.5496095017404758,-151.80183489713528,633
19,19.02882097837244,-159.39562870858668,4.978943341551706,17.333518896840143,1.4644052054868346,1.481861283650088,0.6572395260507731,-165.77439417047367,427
90,56.97893366055152,-278.4029160294309,4.3500996127873,79.99999999999676,0.9280465232787529,1.3472566678260272,0.9999999999999775,-187.8529497376688,454
69,12.764993471433513,-131.59359856180217,5.1940982802191344,15.55111517493011,0.8109209567360545,1.6300076955830995,0.6670888967588415,-146.4021720400179,483
31,10.145355795409635,-70.82653074135679,6.653986900180513,15.171411212361786,0.9760113504135448,1.5387934732328015,0.7083833531396994,-151.23965075795167,577
6,25.83969147456033,-133.0235379546762,4.69407120995753,41.543828794557676,3.2294970638545206,3.1745216631158453,0.9999999999999792,-154.4690431342865,447
62,8.607534280416516,-50.597574845622546,6.842126353540277,14.633708313567212,1.542722064046008,1.3655465044671016,0.938406994580355,-151.66723401313686,598
59,52.73800334915926,-299.99999999999727,6.5235408801565,66.57296449983042,0.367366041393536,1.9817327415874844,0.7366151123854038,-181.05017875458077,606
36,7.972567925593744,-46.32988096913863,6.04051138521245,9.645458936656809,0.09493497351323477,2.0197879991999166,0.879842978172864,-153.20034302792877,468
94,7.6221113342369335,-104.47982099799276,5.002435225773613,8.598015287082262,0.9422951489081506,1.4323974213251922,0.2062525730506356,-133.96058787395324,399
102,34.540512944241684,-299.99999999999557,6.791603187961653,50.028191053847245,1.1360488379724631,3.3001462993418653,0.9536986757800302,-151.65863921654193,671
86,14.734962941160013,-126.31030880185773,4.978479214492845,19.04531166013146,0.23539461564918662,2.2335150485941524,0.3888194083405815,-143.674652247244,429
54,28.006891370462338,-124.24605767096313,7.116342258969042,40.07688801588259,0.7491047615802022,1.4138688116485407,0.7085368836403727,-172.92530689197318,622
23,42.12053717684576,-293.14923867678476,5.851954128851996,54.23040366893141,0.7435131647611222,1.5549459154537755,0.8718086099844967,-172.6232261769585,588
88,28.386360327734145,-242.0658585711131,5.3657262155937,60.94132557966289,0.8624805853881807,2.362607225794357,0.8447822652080318,-151.27964400312015,603
64,5.093576644803086,-42.1492997208384,5.09824158198165,5.901681825035226,0.9248889062750016,1.0302235364827357,0.9999999999999959,-147.38874894711427,391
38,29.9297604172607,-299.99999999999983,6.105247666552412,35.227207492592264,0.7979243945526708,2.4085352326793013,0.8900043382230199,-161.91136499949425,626
81,28.490572203670105,-194.3893549484971,4.435062330503559,40.59585466058421,0.9663473765602992,1.9282042061921576,0.8700816992164242,-164.33737375484588,456
77,33.53431459978291,-289.6882209987714,2.6242001483252935,72.87569047568462,0.043577847881925535,1.2023566857092658,0.26963232035738094,-152.28808644568994,342
20,15.350169675953403,-101.40279611725683,9.325761902177877,14.649523438300882,1.2715230325531375,3.095241006134751,0.07673007762947048,-162.41480542659238,689
