subject_ID,AIC_personalized_separate,BIC_personalized_separate,AIC_personalized_combined,BIC_personalized_combined,AIC_glm,BIC_glm
1,463.1602656286033,515.984721076454,616.1310856175614,649.6696358566447,473.18471768716154,506.72326792624483
2,528.7987960699509,582.8527796728818,629.5759173687122,668.7007903298895,533.5238575441301,567.7581213851603
3,514.0675563243153,563.1109428365168,539.191865498848,574.9085719283677,580.2413821050459,611.4935002308756
4,458.4336819161708,511.8361264670917,597.4351375296422,631.2057532199439,462.4849701728551,496.25558586315674
5,572.7410542211894,626.0579649822239,633.1768182248534,671.6225986521893,596.7267538807187,630.3668117546375
6,483.11663124451,538.640051095397,529.4457720215669,566.6376484217651,507.06082313046466,539.6037149806381
7,505.50258369931464,557.737310009543,643.6906144850027,677.0297210335259,525.7854551937821,559.1245617423053
8,458.17171620680745,512.9286881323535,577.9594623876465,627.3228897459869,459.47396651441096,494.02836566524934
9,426.6660682854788,477.2011719845252,544.1545065136615,590.0024204375187,413.7787680995881,445.8723078462881
10,490.7807397613384,543.3497967073783,633.5783834228856,666.957835904426,523.7577344778967,557.1371869594371
11,419.9435769398244,478.0229639925187,630.2429120167901,664.59019546733,413.75318554891055,448.1004689994504
12,474.76566732630454,527.8814619041638,620.3460345486268,653.9860924225457,471.9723836454153,505.6124415193342
13,501.4230348583641,553.2947842281125,561.1025855975945,598.5894731741414,513.4620862117386,546.263112841217
14,523.37707053179,577.714800995184,647.9578826640153,682.3121696168903,574.2977272613865,608.6520142142615
15,556.2040302600325,609.0068241850008,626.6240369430207,664.7719826362097,616.7198024051861,650.0992548867265
16,454.2501893593653,510.102944342261,580.0857047419792,617.8763642685489,437.5196992826076,470.58652636835603
17,532.3887213586189,586.2255969354221,621.7847705018526,655.9186227850879,778.8200556055137,812.9539078887491
18,458.88817413814394,510.8657195791388,555.8908675024651,593.4572588389331,444.06285661995423,476.93344903936367
19,572.4113884220353,622.596147205564,609.0488255902984,645.5257474902444,683.4598005962157,715.3771072586684
20,512.7545035740272,568.1894024062068,600.7850671065446,635.6260364979598,607.1786062847226,642.0195756761378
21,453.92076648528473,510.6646833716439,600.4029088718696,638.336514429086,468.01260223480324,501.20450709736764
22,460.01017339122416,515.8317878526677,598.9264987355967,631.6836930365074,441.0447063037769,473.80190060468755
23,515.6083976934895,568.1814371936989,638.64857493454,672.0601375641287,582.7823451977861,616.1939078273748
24,522.1434958266841,574.9114232492461,632.215530125081,665.7462107736784,515.8168194075345,549.3475000561318
25,462.46600523689926,518.2854042492404,535.4711370286916,572.8372675954586,459.27014488000145,491.96550912592255
26,528.8826567515821,583.5288154150124,599.8571007013795,639.332278380808,541.9087548279035,576.4495352974034
27,578.3573000564786,632.6257128944976,635.2998923552921,674.3921454955362,612.1250331848821,646.3307546825956
28,561.9615184738959,614.3335098145973,644.3309349762535,677.5640406640587,566.2865110776675,599.5196167654726
29,489.9704025118164,543.2717613724392,610.8497659555863,644.5592458861066,507.69763209104053,541.4071120215608
30,466.8480101237583,523.933793664587,584.2977518391235,622.4180636533679,471.25595638776224,504.611229225226
31,432.8605062926541,485.78483594308597,609.6127293439708,647.9154892024475,423.8053738301569,457.32028870632394
32,539.0897837634772,589.971764588216,609.070007797226,641.4011806818465,585.9759029393415,618.307075823962
33,491.7904384999666,545.2987504443744,616.9907770933453,655.5770660721907,493.64205999159594,527.4050628480858
34,471.18733899577717,524.3185549876748,575.8501815177827,609.559661448303,451.4530758656209,485.16255579614125
35,499.22517385325546,551.3646791754757,610.9928829670139,653.4748643632315,508.3802239894176,541.4217650753646
36,499.6502017381987,550.9916460180596,595.1898956485459,632.3817720487441,502.0663245591083,534.6092164092818
37,635.6423132865491,688.0786886832989,656.864527003785,694.6935559084627,884.1735776062271,917.27397789782
38,545.4562813101224,599.7813182929353,623.7535524969569,657.9806916554381,560.1375471492818,594.364686307763
39,468.26965785147445,521.2015257240291,573.2667909378043,611.4514339430486,461.49246223510886,494.9040248646976
40,515.4295701173418,568.8055466920762,551.0642466585714,589.4656072049889,518.5348069610488,552.1359974391643
41,436.45766004022175,492.0161361422786,560.8321322802592,600.842097256815,466.37385565147866,501.382575005965
42,544.4306195296081,596.812550977583,620.3343966208147,653.526301483379,552.7694780448193,585.9613829073836
43,500.17195366188616,555.6110631933217,578.7838766945099,618.7132917914796,577.371403366934,612.3096415767825
44,434.6722135603238,491.0446215907329,624.144436524459,657.5559991540478,446.4293719863454,479.84093461593415
45,486.97666735191183,539.1483327152762,562.1606634803774,599.8545866408268,487.0801546046247,520.062337370018
46,545.9396777955493,598.45946034421,586.3067158269054,624.183449106689,560.6223467130872,593.7644883328978
47,391.4212378206071,448.03422755545455,563.4052198048989,601.2533646087556,399.8405635036286,432.95769020700317
48,485.84853365328604,541.016006085554,551.9404054691488,588.9435444132124,508.9231638565699,541.3009104326255
49,559.1139658414477,610.5691441726055,623.2021510546514,660.4662394216174,565.532312374015,598.1383896951102
50,527.4108330426386,582.9831383690088,567.0105042663721,608.8862715305522,501.7624889334986,534.3325301389721
51,532.2102051159046,585.5910418604502,627.5625047535425,661.2489204127849,571.1323563115988,604.8187719708411
52,566.1473934442636,616.6117373422379,603.6154212552997,640.2271778076855,702.5680043905807,734.6032913739182
53,420.0104399999658,479.28674409820724,539.1137249486954,578.8192448356574,505.42629195968306,540.1686218607747
54,501.14521892761604,554.3179563027347,624.1768863885218,657.9322681228653,504.52488472323586,538.2802664575793
55,551.43698497668,600.4019971327677,555.2633108806272,590.9174681252044,708.6862628082538,739.883650397259
56,479.3416482958422,530.569544851195,618.9590436169724,656.3150283358354,511.3124123784165,543.9988990074216
57,417.51397142411264,468.3628842320925,532.1091890920666,573.593332280573,413.1742286156926,445.4396733178643
58,597.5926087963688,651.6905590202496,647.2071098488457,681.3264993170187,644.8639421503419,678.983331618515
59,560.8592089862163,615.1558665177151,614.24901441733,653.3003048464703,651.590755584848,685.7606347103458
60,436.9257071079529,492.44973487402314,540.7597895088345,577.9723644975523,431.31108004533485,463.8720831604629
61,431.3316100863095,484.38360608642404,545.001813057418,578.5952040918295,419.2165624517896,452.8099534862012
62,435.33840470203774,489.1548064818803,592.312082105368,626.2555460838022,434.6585602605886,468.6020242390228
63,495.9692457608618,548.7677279059012,627.6695001429775,665.8541431482219,508.84191984370386,542.2534824732926
64,393.27208661387965,446.894428479622,484.8043976954247,520.9102385827232,389.56345982677624,421.1560706031624
65,450.58048051912635,502.84415934397185,623.5714413266683,661.4386564613671,441.31416861958814,474.44798186244964
66,541.5046518881691,594.8426665901189,619.9960128794957,653.8272350089991,549.2295574478455,583.060779577349
67,470.8652597942694,521.8222145406689,578.7813833620005,620.3860102775491,445.2381225004014,477.5972767680503
68,521.7584199976031,574.584421106076,607.5051450192792,645.6254568335236,516.7937314407311,550.149004278195
69,431.81459018268464,487.7891766934267,523.2741272010927,570.1077366587555,407.0181745866464,439.80170120701035
70,492.7821757918121,546.1090720481382,570.8808241999836,609.3266046273195,478.8787576687727,512.5188155426916
71,516.4146544557395,566.548703363148,520.5417145317758,556.91599781786,561.5509673829961,593.3784652583197
72,469.6392970754413,521.1663642166181,595.3172254747972,632.6833560415641,488.98487193960074,521.6802361855218
73,453.25192437122803,503.5942301637797,536.1851091118072,572.729732403103,430.01184396390147,461.9883893437853
74,562.5354559805058,615.0286573667579,634.5753897725518,672.4995446494016,569.535064646521,602.7187001637647
75,446.77131852335606,499.3915189919735,622.831142007431,660.9144595360984,456.8905188661984,490.2134217037824
76,524.6177682136149,577.450564688676,620.3455817812842,663.2516699086727,545.7988534146764,579.1702552915341
77,533.1418281104185,581.576035023847,540.2026012445808,584.3699240697041,507.8990624824364,538.8161884600227
78,474.3003245253576,530.0237601768905,590.5818455099178,625.6918324533284,477.9910899142696,513.1010768576803
79,568.9313013580694,620.4347418010595,621.0259285626178,658.3105297613353,605.9735283135446,638.5975543624224
80,573.4666433851905,625.0491462649084,617.6811941359031,655.0270201232423,599.877948137557,632.5555458764788
81,544.9491319928304,596.3029395748806,571.9865613256407,609.1576854444224,588.3876947391798,620.9124283431139
82,494.5830207138099,547.5754618146668,602.7035851074667,636.2184999836337,526.1665134161067,559.6814282922737
83,517.0219087913904,568.0723416329947,586.3646486134586,623.3889796228949,526.5199012868246,558.9161909200814
84,410.3100888610545,463.5768540607788,593.7332003204518,632.3107794454157,430.39534247183997,464.1507242061834
85,514.9018640665183,568.5507938832905,589.7397888969476,628.3694854700811,717.7960909584156,751.5970754599074
86,459.70181260665777,509.4497685486836,586.322179747316,622.5808540850948,451.6657411757971,483.3920812213536
87,513.2030303997774,566.3561391555697,639.0579495237323,672.6513405581438,532.1210750549169,565.7144660893284
88,458.7614274130101,512.2777988840788,638.94643921694,672.7776613464434,467.17163296342596,501.0028550929294
89,477.4762841370979,529.7326542367794,596.677245367398,639.1592267636156,515.8501672024215,548.8917082883686
90,556.6256784178455,608.0810055429151,581.4020858504441,618.6249900852708,582.9101309623265,615.4801721678
91,501.8979344898198,556.0600918672047,628.5685962768472,662.7456585738321,533.6451433635104,567.8222056604953
92,492.9732982267042,544.0945450934303,587.4421474628136,624.4981616819787,502.98081422056714,535.4048266623365
93,596.7801032970528,647.2852841502761,652.9925139342254,689.6929140528238,689.4317847332479,721.5446348370215
94,493.32473114534855,543.7246802068186,521.5876737772961,558.1322970685919,467.2241225276353,499.2006679075191
95,545.976010389091,599.2786100438225,611.8949563667145,660.2252736945765,531.0485126413604,564.8797347708638
96,370.2935783535042,420.1385569343569,590.946095883395,636.5987455837485,346.0724059291648,378.0292607194123
97,529.8208692911631,582.6755289670128,563.4368661578659,601.5109083231754,553.2167655705064,586.5315524651522
98,502.7778325472182,554.1192768270791,570.1481399224447,607.3400163226429,505.4217682484743,537.9646600986478
99,456.2165859734307,510.50031046165446,616.8393957913181,655.9561262581539,471.4837983458609,505.71093750434216
100,515.2344286690743,568.3190227746488,646.7472770759647,680.371813879223,546.5678633394979,580.1924001427562
101,528.7802565092916,582.4707816923917,619.1178327615177,657.8079069797342,528.1027507968727,561.9565657378122
102,488.55391042914584,543.2628933148485,611.641999646399,655.998840009881,519.117810076408,553.6175748035606
103,365.12911833234944,419.7847890853316,606.6079323614122,641.4096125944927,355.013904805314,389.8155850383945
104,574.0627120843039,623.556245870621,603.2404917205408,639.2867642015667,596.8272716983904,628.367760119288
105,528.9698568497715,581.453960100454,635.5083935032644,668.7168078074438,515.1345171206839,548.3429314248633
