task,fam,horizon,k,BIC,n,forgetting
C--XT---H----,full,C,3,93206.46234773628,105,False
C--XT---H----,commit,C,3,81070.57878881863,105,False
C--XT-R------,full,C,3,94578.74487098184,105,False
C--XT-R------,commit,C,3,83465.75622593888,105,False
C--XT-R-H----,full,C,4,92219.61833595857,105,False
C--XT-R-H----,commit,C,4,79812.3431011098,105,False
C--XT-R-H-L--,full,C,5,92890.3763715106,105,False
C--XT-R-H-L--,commit,C,5,80432.62608141749,105,False
C--XT-R-h-L--,full,C,4,96955.74192280504,105,False
C--XT-R-h-L--,commit,C,4,85317.287973671,105,False
C--XT-RPH--UK,full,C,7,73019.9554054254,105,False
C--XT-RPH--UK,commit,C,7,61410.71377694771,105,False
C--XT-RPHC-UK,full,C,8,67450.9049299739,105,False
C--XT-RPHC-UK,commit,C,8,58728.418332447916,105,False
C-E-T-RPHC-UK,full,C,8,67438.70559440962,105,False
C-E-T-RPHC-UK,commit,C,8,58730.22347730723,105,False
C-EXT-R-H----,full,C,5,91772.73568676026,105,False
C-EXT-RPHC-UK,full,C,9,67122.77983066117,105,False
C-EXT-RPHC-UK,commit,C,9,58579.56000487237,105,False
CB--TGRPhCL--,full,C,7,72291.96499120908,105,True
CB--TGRPhCL--,commit,C,7,62435.43503133579,105,True
CB-XT-RP-C-UK,full,C,8,75448.37803988949,105,False
CB-XT-RP-C-UK,commit,C,8,65961.99508898372,105,False
CB-XT-RPHC-UK,full,C,9,67998.7749138859,105,False
CB-XT-RPHC-UK,commit,C,9,59266.452150771285,105,False
CB-XT-RPHCLUK,full,C,10,68500.90180648417,105,False
CB-XT-RPHCLUK,commit,C,10,59909.20137646374,105,False
CB-XT-RPhCLUK,full,C,9,69150.08809201453,105,False
CB-XT-RPhCLUK,commit,C,9,59960.1221886878,105,False
CB-XTGRPHCL--,full,C,9,73508.63206461168,105,True
CB-XTGRPHCL--,commit,C,9,63138.600078992444,105,True
CB-XTGRPHCLUK,full,C,11,69682.30705898223,105,True
CB-XTGRPHCLUK,commit,C,11,60534.86993486819,105,True
CB-XTGRPhCL--,full,C,8,73353.76295997259,105,True
CB-XTGRPhCL--,commit,C,8,62310.70113227052,105,True
CBEXT-RP-C-UK,full,C,9,75005.4153193768,105,False
CBEXT-RP-C-UK,commit,C,9,64595.9217779428,105,False
CBEXT-RPHCLUK,full,C,11,68242.64389631286,105,False
CBEXT-RPHCLUK,commit,C,11,59760.6475307466,105,False
CBEXT-RPhC---,full,C,7,72189.3623399099,105,False
CBEXT-RPhC---,commit,C,7,63951.993925232884,105,False
CBEXT-RPhCL--,full,C,8,69253.38662860134,105,False
CBEXT-RPhCL--,commit,C,8,61864.886507581716,105,False
CBEXT-RPhCLUK,full,C,10,68033.0804663891,105,False
CBEXT-RPhCLUK,commit,C,10,59580.965159914966,105,False
L--XT---H----,full,L,3,54531.074702903126,105,False
L--XT---H----,commit,L,3,48147.59963603806,105,False
L--XT-R------,full,L,3,55803.3360089192,105,False
L--XT-R------,commit,L,3,49898.21217823837,105,False
L--XT-R-H----,full,L,4,54840.948929340055,105,False
L--XT-R-H----,commit,L,4,48388.028400735115,105,False
L--XT-R-H-L--,full,L,5,55459.701785195066,105,False
L--XT-R-H-L--,commit,L,5,48978.99176785546,105,False
L--XT-R-h-L--,full,L,4,58759.03211010403,105,False
L--XT-R-h-L--,commit,L,4,53302.989200846976,105,False
L--XT-RPH--UK,full,L,7,39096.97733446011,105,False
L--XT-RPH--UK,commit,L,7,34163.640994078036,105,False
L--XT-RPHC-UK,full,L,8,39606.876519983736,105,False
L--XT-RPHC-UK,commit,L,8,34762.95808697268,105,False
LB--T-R-h-L--,full,L,4,58936.89438633565,105,False
LB--T-RPhCL--,full,L,6,38319.74950586994,105,False
LB--TGRPhCL--,full,L,7,37879.272054309855,105,True
LB--TGRPhCL--,commit,L,7,34213.851199965204,105,True
LB-XT-RP-C-UK,full,L,8,39501.73290443477,105,False
LB-XT-RP-C-UK,commit,L,8,34690.437514238394,105,False
LB-XT-RPHC-UK,full,L,9,40097.49357822334,105,False
LB-XT-RPHC-UK,commit,L,9,35297.983516429515,105,False
LB-XT-RPHCLUK,full,L,10,40015.092752577555,105,False
LB-XT-RPHCLUK,commit,L,10,35845.72902702287,105,False
LB-XT-RPhCLUK,full,L,9,39364.17186046037,105,False
LB-XT-RPhCLUK,commit,L,9,35214.12929041262,105,False
LB-XTGRPHCL--,full,L,9,39065.90458563809,105,True
LB-XTGRPHCL--,commit,L,9,35076.816760887334,105,True
LB-XTGRPHCLUK,full,L,11,39582.15460989991,105,True
LB-XTGRPHCLUK,commit,L,11,35818.557496317946,105,True
LB-XTGRPhCL--,full,L,8,38367.918856435834,105,True
LB-XTGRPhCL--,commit,L,8,34410.56405764696,105,True
LBE-T-R-h-L--,full,L,5,59225.13098333152,105,False
LBE-T-RPHCL--,full,L,8,38448.002093578674,105,False
LBE-T-RPHCL--,commit,L,8,34858.83106690355,105,False
LBE-T-RPhCL--,full,L,7,37788.20724314454,105,False
LBE-T-RPhCL--,commit,L,7,34202.04889697494,105,False
LBEX--RPhC---,full,L,6,268460.05872154963,105,False
LBEX--RPhC---,commit,L,6,267119.5664952671,105,False
LBEX--RPhCLUK,full,L,9,259245.7644569447,105,False
LBEX--RPhCLUK,commit,L,9,258032.40086758343,105,False
LBEXT--PHCLUK,full,L,10,39430.79985699945,105,False
LBEXT--PHCLUK,commit,L,10,35258.24763639086,105,False
LBEXT-R-H----,full,L,6,55471.39812949096,105,False
LBEXT-R-H----,commit,L,6,48704.9487051445,105,False
LBEXT-RP-C-UK,full,L,9,38970.93839320798,105,False
LBEXT-RP-C-UK,commit,L,9,34505.48737380352,105,False
LBEXT-RPHC---,full,L,8,39056.24491879597,105,False
LBEXT-RPHC---,commit,L,8,34541.378043989745,105,False
LBEXT-RPHCL--,full,L,9,38905.57111191541,105,False
LBEXT-RPHCL--,commit,L,9,34903.33247428379,105,False
LBEXT-RPHCLUK,full,L,11,39502.79205160337,105,False
LBEXT-RPHCLUK,commit,L,11,35646.700482376225,105,False
LBEXT-RPhC---,full,L,7,38524.376228411544,105,False
LBEXT-RPhC---,commit,L,7,33917.15669419076,105,False
LBEXT-RPhCL--,full,L,8,38248.333598076744,105,False
LBEXT-RPhCL--,commit,L,8,34246.15808482901,105,False
LBEXT-RPhCLUK,full,L,10,38870.483069861286,105,False
LBEXT-RPhCLUK,commit,L,10,35022.740581226426,105,False
S--XT---H----,full,S,3,38455.82181851239,105,False
S--XT---H----,commit,S,3,33104.477510347584,105,False
S--XT-R------,full,S,3,39001.377809785066,105,False
S--XT-R------,commit,S,3,34125.97125374375,105,False
S--XT-R-H----,full,S,4,38115.091223266,105,False
S--XT-R-H----,commit,S,4,32429.98872106855,105,False
S--XT-R-h----,full,S,3,38094.78329990449,105,False
S--XT-R-h----,commit,S,3,32363.17366541352,105,False
S--XT-RPH--UK,full,S,7,28919.673819510404,105,False
S--XT-RPH--UK,commit,S,7,24405.025382493153,105,False
S--XT-RPHC-UK,full,S,8,29433.52187913781,105,False
S--XT-RPHC-UK,commit,S,8,24964.735346425434,105,False
SB-XT-R-h----,full,S,4,38422.54230063854,105,False
SB-XT-RP-C-UK,full,S,8,29369.473986587098,105,False
SB-XT-RP-C-UK,commit,S,8,24872.261389101055,105,False
SB-XT-RPHC-UK,full,S,9,29862.250158406736,105,False
SB-XT-RPHC-UK,commit,S,9,25438.46200159634,105,False
SB-XT-RPh----,full,S,5,28601.568457351677,105,False
SB-XT-RPh----,commit,S,5,23495.98067850928,105,False
SB-XT-RPhC-UK,full,S,8,29361.36090024797,105,False
SB-XT-RPhC-UK,commit,S,8,24888.67431648466,105,False
SB-XTGRPH----,full,S,7,33078.99377903937,105,True
SB-XTGRPH----,commit,S,7,28803.02905320219,105,True
SB-XTGRPHC---,full,S,8,29318.30729817387,105,True
SB-XTGRPHC---,commit,S,8,24947.522905504356,105,True
SB-XTGRPHC-UK,full,S,10,30066.276106329195,105,True
SB-XTGRPHC-UK,commit,S,10,25789.985187681385,105,True
SB-XTGRPhC---,full,S,7,28694.779041099606,105,True
SB-XTGRPhC---,commit,S,7,24303.028963349985,105,True
SBEXT--PHC-UK,full,S,9,29896.700035171452,105,False
SBEXT--PHC-UK,commit,S,9,25358.049226189847,105,False
SBEXT-R-h----,full,S,5,38019.71771421823,105,False
SBEXT-RP-C-UK,full,S,9,29719.72225871243,105,False
SBEXT-RP-C-UK,commit,S,9,25217.14684013418,105,False
SBEXT-RPH----,full,S,7,29300.68671547211,105,False
SBEXT-RPH----,commit,S,7,24392.928424418926,105,False
SBEXT-RPHC---,full,S,8,29447.558681266757,105,False
SBEXT-RPHC---,commit,S,8,24917.638056346823,105,False
SBEXT-RPHC-U-,full,S,9,29776.1028984923,105,False
SBEXT-RPHC-U-,commit,S,9,25359.999261239456,105,False
SBEXT-RPHC-UK,full,S,10,30215.8753901883,105,False
SBEXT-RPHC-UK,commit,S,10,25783.599435624095,105,False
SBEXT-RPh----,full,S,6,28827.95582772752,105,False
SBEXT-RPh----,commit,S,6,23821.894236218905,105,False
SBEXT-RPhC---,full,S,7,28865.713980765922,105,False
SBEXT-RPhC---,commit,S,7,24330.046567373698,105,False
SBEXT-RPhC-UK,full,S,9,29703.053948075256,105,False
SBEXT-RPhC-UK,commit,S,9,25227.668084491626,105,False
