subject_ID,fit,horizon,n_games,uniform_reward,informed_reward,uniform_draws,informed_draws,uniform_correct,informed_correct,uniform_missed,informed_missed
28,short,short,80,1.225,1.225,3.8625,3.975,0.8,0.8,0.025,0.025
10,short,short,80,1.075,1.125,3.9125,3.875,0.7625,0.775,0.025,0.025
53,short,short,80,1.225,1.225,3.9625,3.9625,0.8,0.8,0.025,0.025
39,short,short,80,1.275,1.275,3.925,3.975,0.8125,0.8125,0.025,0.025
37,short,short,80,1.075,1.075,3.8875,3.9,0.7625,0.7625,0.025,0.025
1,short,short,80,1.225,1.225,3.925,3.975,0.8,0.8,0.025,0.025
18,short,short,80,1.275,1.275,3.9375,3.975,0.8125,0.8125,0.025,0.025
8,short,short,80,1.175,1.175,3.9375,3.9875,0.7875,0.7875,0.025,0.025
32,short,short,80,1.225,1.225,3.925,3.9375,0.8,0.8,0.025,0.025
68,short,short,80,1.325,1.325,3.9875,3.9625,0.825,0.825,0.025,0.025
70,short,short,80,1.275,1.275,3.9125,3.9875,0.8125,0.8125,0.025,0.025
44,short,short,80,1.125,1.125,3.95,3.95,0.775,0.775,0.025,0.025
14,short,short,80,1.325,1.325,3.9625,3.9375,0.825,0.825,0.025,0.025
78,short,short,80,1.225,1.225,3.9625,3.95,0.8,0.8,0.025,0.025
84,short,short,80,1.125,1.125,3.9375,3.9375,0.775,0.775,0.025,0.025
55,short,short,80,1.025,1.025,3.9125,3.95,0.75,0.75,0.025,0.025
34,short,short,80,1.175,1.175,3.9625,3.9625,0.7875,0.7875,0.025,0.025
74,short,short,80,1.225,1.225,3.9125,3.975,0.8,0.8,0.025,0.025
65,short,short,80,1.175,1.175,4.025,3.975,0.7875,0.7875,0.025,0.025
49,short,short,80,1.175,1.175,4.0,3.9875,0.7875,0.7875,0.025,0.025
104,short,short,80,1.225,1.225,3.95,4.0,0.8,0.8,0.025,0.025
89,short,short,80,1.175,1.175,3.9875,3.8875,0.7875,0.7875,0.025,0.025
56,short,short,80,1.175,1.175,3.9875,3.9375,0.7875,0.7875,0.025,0.025
4,short,short,80,1.225,1.225,3.8875,3.95,0.8,0.8,0.025,0.025
33,short,short,80,1.175,1.175,3.95,3.9875,0.7875,0.7875,0.025,0.025
82,short,short,80,1.225,1.225,3.95,3.9625,0.8,0.8,0.025,0.025
41,short,short,80,1.225,1.225,3.95,3.975,0.8,0.8,0.025,0.025
47,short,short,80,1.275,1.275,3.9625,3.975,0.8125,0.8125,0.025,0.025
51,short,short,80,1.175,1.175,3.9625,3.9,0.7875,0.7875,0.025,0.025
63,short,short,80,1.125,1.175,3.9125,3.9375,0.775,0.7875,0.025,0.025
99,short,short,80,1.225,1.225,3.925,3.9625,0.8,0.8,0.025,0.025
26,short,short,80,1.325,1.275,3.975,3.9125,0.825,0.8125,0.025,0.025
80,short,short,80,1.025,1.025,3.95,3.925,0.75,0.75,0.025,0.025
75,short,short,80,1.225,1.225,3.95,3.95,0.8,0.8,0.025,0.025
13,short,short,80,1.125,1.125,3.95,3.975,0.775,0.775,0.025,0.025
29,short,short,80,1.225,1.225,3.975,3.9375,0.8,0.8,0.025,0.025
46,short,short,80,1.325,1.325,3.925,4.0,0.825,0.825,0.025,0.025
52,short,short,80,1.125,1.125,3.9375,3.9125,0.775,0.775,0.025,0.025
67,short,short,80,1.325,1.275,3.925,3.9125,0.825,0.8125,0.025,0.025
105,short,short,80,1.225,1.225,3.9125,3.95,0.8,0.8,0.025,0.025
101,short,short,80,1.175,1.175,3.9375,3.975,0.7875,0.7875,0.025,0.025
61,short,short,80,1.125,1.125,4.0125,3.9875,0.775,0.775,0.025,0.025
27,short,short,80,1.375,1.325,3.9,3.9375,0.8375,0.825,0.025,0.025
93,short,short,80,1.075,1.075,3.9125,3.9625,0.7625,0.7625,0.025,0.025
17,short,short,80,0.975,0.975,3.9625,3.9875,0.7375,0.7375,0.025,0.025
7,short,short,80,1.275,1.275,3.9125,3.9625,0.8125,0.8125,0.025,0.025
12,short,short,80,1.175,1.175,3.9375,3.9375,0.7875,0.7875,0.025,0.025
103,short,short,80,1.125,1.125,3.8875,3.975,0.775,0.775,0.025,0.025
48,short,short,80,1.125,1.125,3.95,3.9125,0.775,0.775,0.025,0.025
43,short,short,80,1.325,1.325,4.0125,3.9625,0.825,0.825,0.025,0.025
100,short,short,80,1.225,1.225,3.9625,3.95,0.8,0.8,0.025,0.025
45,short,short,80,1.225,1.225,3.9375,3.975,0.8,0.8,0.025,0.025
73,short,short,80,1.125,1.125,3.9875,3.975,0.775,0.775,0.025,0.025
24,short,short,80,1.225,1.225,3.975,3.975,0.8,0.8,0.025,0.025
71,short,short,80,1.275,1.275,3.925,4.0375,0.8125,0.8125,0.025,0.025
76,short,short,80,1.175,1.175,3.9375,3.9625,0.7875,0.7875,0.025,0.025
96,short,short,80,1.075,1.075,3.925,4.0125,0.7625,0.7625,0.025,0.025
98,short,short,80,1.125,1.125,3.95,3.9625,0.775,0.775,0.025,0.025
97,short,short,80,1.175,1.175,3.925,4.0,0.7875,0.7875,0.025,0.025
79,short,short,80,1.175,1.175,4.0,3.9625,0.7875,0.7875,0.025,0.025
58,short,short,80,1.175,1.175,3.9625,3.9625,0.7875,0.7875,0.025,0.025
9,short,short,80,1.125,1.125,3.95,3.95,0.775,0.775,0.025,0.025
35,short,short,80,1.125,1.125,4.0,4.0,0.775,0.775,0.025,0.025
92,short,short,80,1.075,1.075,3.9125,4.0,0.7625,0.7625,0.025,0.025
42,short,short,80,1.225,1.225,3.9125,3.9375,0.8,0.8,0.025,0.025
40,short,short,80,1.125,1.125,3.9375,4.0125,0.775,0.775,0.025,0.025
50,short,short,80,1.175,1.175,3.9125,3.9625,0.7875,0.7875,0.025,0.025
30,short,short,80,1.175,1.175,3.9375,3.925,0.7875,0.7875,0.025,0.025
85,short,short,80,1.175,1.175,3.9625,3.9625,0.7875,0.7875,0.025,0.025
57,short,short,80,1.125,1.125,3.925,3.975,0.775,0.775,0.025,0.025
95,short,short,80,1.225,1.225,3.8875,3.9375,0.8,0.8,0.025,0.025
21,short,short,80,1.175,1.175,3.9625,3.95,0.7875,0.7875,0.025,0.025
5,short,short,80,1.275,1.275,4.0375,4.0,0.8125,0.8125,0.025,0.025
72,short,short,80,1.225,1.225,3.9125,3.975,0.8,0.8,0.025,0.025
22,short,short,80,1.225,1.225,3.9875,3.9875,0.8,0.8,0.025,0.025
87,short,short,80,1.175,1.175,3.9,3.9375,0.7875,0.7875,0.025,0.025
3,short,short,80,1.175,1.175,3.9875,4.0125,0.7875,0.7875,0.025,0.025
15,short,short,80,1.375,1.375,3.975,3.9375,0.8375,0.8375,0.025,0.025
60,short,short,80,1.275,1.275,3.9875,3.975,0.8125,0.8125,0.025,0.025
16,short,short,80,1.175,1.175,3.9625,3.9375,0.7875,0.7875,0.025,0.025
11,short,short,80,1.225,1.225,4.0125,3.925,0.8,0.8,0.025,0.025
83,short,short,80,1.175,1.175,3.9625,3.925,0.7875,0.7875,0.025,0.025
66,short,short,80,1.225,1.225,3.9125,3.95,0.8,0.8,0.025,0.025
25,short,short,80,1.225,1.225,3.9375,4.0125,0.8,0.8,0.025,0.025
2,short,short,80,1.175,1.175,4.0,4.0,0.7875,0.7875,0.025,0.025
91,short,short,80,1.225,1.225,3.95,3.9375,0.8,0.8,0.025,0.025
19,short,short,80,1.025,1.025,3.9375,3.9375,0.75,0.75,0.025,0.025
90,short,short,80,1.175,1.175,3.9625,3.925,0.7875,0.7875,0.025,0.025
69,short,short,80,1.325,1.325,4.0,3.975,0.825,0.825,0.025,0.025
31,short,short,80,1.175,1.175,3.9875,3.9625,0.7875,0.7875,0.025,0.025
6,short,short,80,1.225,1.225,3.9625,3.95,0.8,0.8,0.025,0.025
62,short,short,80,1.225,1.225,3.9375,3.925,0.8,0.8,0.025,0.025
59,short,short,80,1.275,1.275,3.9125,3.9625,0.8125,0.8125,0.025,0.025
36,short,short,80,1.175,1.175,3.975,3.975,0.7875,0.7875,0.025,0.025
94,short,short,80,1.175,1.175,3.95,3.9625,0.7875,0.7875,0.025,0.025
102,short,short,80,1.325,1.325,3.975,3.975,0.825,0.825,0.025,0.025
86,short,short,80,1.175,1.125,3.9375,3.925,0.7875,0.775,0.025,0.025
54,short,short,80,1.175,1.175,3.975,3.9875,0.7875,0.7875,0.025,0.025
23,short,short,80,1.125,1.125,3.95,3.975,0.775,0.775,0.025,0.025
88,short,short,80,1.225,1.225,3.9,3.975,0.8,0.8,0.025,0.025
64,short,short,80,1.125,1.125,3.975,3.9375,0.775,0.775,0.025,0.025
38,short,short,80,1.175,1.225,3.8875,3.9875,0.7875,0.8,0.025,0.025
81,short,short,80,1.275,1.275,3.95,4.0125,0.8125,0.8125,0.025,0.025
77,short,short,80,1.275,1.275,3.9375,3.975,0.8125,0.8125,0.025,0.025
20,short,short,80,1.275,1.275,3.9625,3.9875,0.8125,0.8125,0.025,0.025
28,long,long,80,1.6625,1.6625,9.05,9.1,0.9125,0.9125,0.0125,0.0125
10,long,long,80,1.6625,1.6625,8.925,9.0875,0.9125,0.9125,0.0125,0.0125
53,long,long,80,1.6625,1.6625,8.975,9.1,0.9125,0.9125,0.0125,0.0125
39,long,long,80,1.6625,1.6625,9.0,9.15,0.9125,0.9125,0.0125,0.0125
37,long,long,80,1.5125,1.5125,8.975,9.225,0.875,0.875,0.0125,0.0125
1,long,long,80,1.6625,1.6625,9.0,9.175,0.9125,0.9125,0.0125,0.0125
18,long,long,80,1.6625,1.6625,9.0125,9.225,0.9125,0.9125,0.0125,0.0125
8,long,long,80,1.6625,1.6625,9.025,8.975,0.9125,0.9125,0.0125,0.0125
32,long,long,80,1.6625,1.6625,9.0,9.1375,0.9125,0.9125,0.0125,0.0125
68,long,long,80,1.6625,1.6625,9.075,9.075,0.9125,0.9125,0.0125,0.0125
70,long,long,80,1.6625,1.6625,8.85,9.1625,0.9125,0.9125,0.0125,0.0125
44,long,long,80,1.6125,1.6125,9.025,9.0875,0.9,0.9,0.0125,0.0125
14,long,long,80,1.6625,1.6625,8.875,9.1625,0.9125,0.9125,0.0125,0.0125
78,long,long,80,1.6625,1.6625,8.8875,9.1125,0.9125,0.9125,0.0125,0.0125
84,long,long,80,1.6625,1.6625,9.05,9.2125,0.9125,0.9125,0.0125,0.0125
55,long,long,80,1.6125,1.6125,8.9875,9.125,0.9,0.9,0.0125,0.0125
34,long,long,80,1.6125,1.6125,8.95,9.1875,0.9,0.9,0.0125,0.0125
74,long,long,80,1.6625,1.6625,9.1625,8.975,0.9125,0.9125,0.0125,0.0125
65,long,long,80,1.6125,1.6125,9.2125,9.15,0.9,0.9,0.0125,0.0125
49,long,long,80,1.6125,1.6125,9.1125,9.15,0.9,0.9,0.0125,0.0125
104,long,long,80,1.6625,1.6625,9.075,9.1625,0.9125,0.9125,0.0125,0.0125
89,long,long,80,1.6625,1.6625,8.8875,9.1625,0.9125,0.9125,0.0125,0.0125
56,long,long,80,1.6625,1.6625,8.975,9.0875,0.9125,0.9125,0.0125,0.0125
4,long,long,80,1.6625,1.6625,8.9125,9.175,0.9125,0.9125,0.0125,0.0125
33,long,long,80,1.6625,1.6625,9.0,9.175,0.9125,0.9125,0.0125,0.0125
82,long,long,80,1.6625,1.6625,8.875,9.1875,0.9125,0.9125,0.0125,0.0125
41,long,long,80,1.6625,1.6625,9.1125,9.075,0.9125,0.9125,0.0125,0.0125
47,long,long,80,1.6625,1.6625,8.9875,9.1,0.9125,0.9125,0.0125,0.0125
51,long,long,80,1.6625,1.6625,9.1125,9.075,0.9125,0.9125,0.0125,0.0125
63,long,long,80,1.6125,1.6125,9.225,9.225,0.9,0.9,0.0125,0.0125
99,long,long,80,1.6625,1.6625,9.05,9.25,0.9125,0.9125,0.0125,0.0125
26,long,long,80,1.6625,1.6625,8.9125,9.125,0.9125,0.9125,0.0125,0.0125
80,long,long,80,1.6125,1.6125,8.775,9.3375,0.9,0.9,0.0125,0.0125
75,long,long,80,1.6625,1.6625,9.0875,9.1375,0.9125,0.9125,0.0125,0.0125
13,long,long,80,1.6625,1.6625,8.9625,9.275,0.9125,0.9125,0.0125,0.0125
29,long,long,80,1.6125,1.6125,9.0875,9.1125,0.9,0.9,0.0125,0.0125
46,long,long,80,1.5625,1.5625,9.0125,9.2,0.8875,0.8875,0.0125,0.0125
52,long,long,80,1.6125,1.6125,8.9625,9.175,0.9,0.9,0.0125,0.0125
67,long,long,80,1.6625,1.6625,9.0,8.9,0.9125,0.9125,0.0125,0.0125
105,long,long,80,1.6625,1.6625,8.975,9.0125,0.9125,0.9125,0.0125,0.0125
101,long,long,80,1.6625,1.6625,9.05,9.1625,0.9125,0.9125,0.0125,0.0125
61,long,long,80,1.6625,1.6625,9.0,9.1875,0.9125,0.9125,0.0125,0.0125
27,long,long,80,1.6625,1.6625,9.0375,9.125,0.9125,0.9125,0.0125,0.0125
93,long,long,80,1.5625,1.5625,9.05,9.1375,0.8875,0.8875,0.0125,0.0125
17,long,long,80,1.5625,1.5625,8.9125,9.1375,0.8875,0.8875,0.0125,0.0125
7,long,long,80,1.6125,1.6125,8.9875,9.0375,0.9,0.9,0.0125,0.0125
12,long,long,80,1.6625,1.6625,9.0125,8.9875,0.9125,0.9125,0.0125,0.0125
103,long,long,80,1.6625,1.6625,8.95,9.2375,0.9125,0.9125,0.0125,0.0125
48,long,long,80,1.6625,1.6625,8.8875,9.0875,0.9125,0.9125,0.0125,0.0125
43,long,long,80,1.6625,1.6625,8.975,9.1875,0.9125,0.9125,0.0125,0.0125
100,long,long,80,1.6625,1.6625,9.0875,9.125,0.9125,0.9125,0.0125,0.0125
45,long,long,80,1.6625,1.6625,9.0625,9.1375,0.9125,0.9125,0.0125,0.0125
73,long,long,80,1.6125,1.6125,9.075,9.1,0.9,0.9,0.0125,0.0125
24,long,long,80,1.6625,1.6625,9.025,9.025,0.9125,0.9125,0.0125,0.0125
71,long,long,80,1.6125,1.6125,8.975,9.2875,0.9,0.9,0.0125,0.0125
76,long,long,80,1.6625,1.6625,8.9875,9.1625,0.9125,0.9125,0.0125,0.0125
96,long,long,80,1.6625,1.6625,8.8875,9.2375,0.9125,0.9125,0.0125,0.0125
98,long,long,80,1.6625,1.6625,9.025,9.0125,0.9125,0.9125,0.0125,0.0125
97,long,long,80,1.6625,1.6625,8.9125,9.3125,0.9125,0.9125,0.0125,0.0125
79,long,long,80,1.6125,1.6125,9.0625,9.2625,0.9,0.9,0.0125,0.0125
58,long,long,80,1.6625,1.6625,9.05,9.05,0.9125,0.9125,0.0125,0.0125
9,long,long,80,1.6125,1.6125,9.1375,9.075,0.9,0.9,0.0125,0.0125
35,long,long,80,1.6625,1.6625,8.9875,9.1875,0.9125,0.9125,0.0125,0.0125
92,long,long,80,1.6625,1.6625,8.95,9.0375,0.9125,0.9125,0.0125,0.0125
42,long,long,80,1.6625,1.6625,9.1125,9.1,0.9125,0.9125,0.0125,0.0125
40,long,long,80,1.6625,1.6625,8.9375,9.025,0.9125,0.9125,0.0125,0.0125
50,long,long,80,1.6625,1.6625,8.925,9.1625,0.9125,0.9125,0.0125,0.0125
30,long,long,80,1.6625,1.6625,8.9875,9.25,0.9125,0.9125,0.0125,0.0125
85,long,long,80,1.6625,1.6625,9.125,9.0875,0.9125,0.9125,0.0125,0.0125
57,long,long,80,1.6625,1.6625,8.9,9.2125,0.9125,0.9125,0.0125,0.0125
95,long,long,80,1.6625,1.6625,9.0875,9.2,0.9125,0.9125,0.0125,0.0125
21,long,long,80,1.6625,1.6625,8.875,8.9875,0.9125,0.9125,0.0125,0.0125
5,long,long,80,1.6125,1.6125,9.0875,9.1375,0.9,0.9,0.0125,0.0125
72,long,long,80,1.6625,1.6625,8.9625,9.1,0.9125,0.9125,0.0125,0.0125
22,long,long,80,1.6625,1.6625,8.9,9.1125,0.9125,0.9125,0.0125,0.0125
87,long,long,80,1.7125,1.7125,9.2875,9.1375,0.925,0.925,0.0125,0.0125
3,long,long,80,1.5625,1.5625,8.8,8.925,0.8875,0.8875,0.0125,0.0125
15,long,long,80,1.6625,1.6625,9.0125,9.1875,0.9125,0.9125,0.0125,0.0125
60,long,long,80,1.6625,1.6625,9.1125,9.0625,0.9125,0.9125,0.0125,0.0125
16,long,long,80,1.6125,1.6125,8.9125,9.075,0.9,0.9,0.0125,0.0125
11,long,long,80,1.6625,1.6625,9.075,9.1875,0.9125,0.9125,0.0125,0.0125
83,long,long,80,1.6125,1.6125,8.95,9.1125,0.9,0.9,0.0125,0.0125
66,long,long,80,1.6625,1.6625,8.9875,9.15,0.9125,0.9125,0.0125,0.0125
25,long,long,80,1.6125,1.6125,9.1375,9.225,0.9,0.9,0.0125,0.0125
2,long,long,80,1.6625,1.6625,9.1125,9.1,0.9125,0.9125,0.0125,0.0125
91,long,long,80,1.6125,1.6125,8.9,9.2,0.9,0.9,0.0125,0.0125
19,long,long,80,1.6625,1.6625,9.0125,9.0375,0.9125,0.9125,0.0125,0.0125
90,long,long,80,1.6625,1.6625,9.15,9.1125,0.9125,0.9125,0.0125,0.0125
69,long,long,80,1.6625,1.6625,8.9375,9.05,0.9125,0.9125,0.0125,0.0125
31,long,long,80,1.6625,1.6625,9.1625,9.3,0.9125,0.9125,0.0125,0.0125
6,long,long,80,1.6625,1.6625,9.1625,9.0875,0.9125,0.9125,0.0125,0.0125
62,long,long,80,1.6625,1.6625,9.1125,9.0125,0.9125,0.9125,0.0125,0.0125
59,long,long,80,1.6625,1.6625,9.125,9.175,0.9125,0.9125,0.0125,0.0125
36,long,long,80,1.6625,1.6625,9.05,9.2375,0.9125,0.9125,0.0125,0.0125
94,long,long,80,1.6625,1.6625,8.825,9.225,0.9125,0.9125,0.0125,0.0125
102,long,long,80,1.6625,1.6625,8.8875,9.2125,0.9125,0.9125,0.0125,0.0125
86,long,long,80,1.6625,1.6625,8.825,9.1,0.9125,0.9125,0.0125,0.0125
54,long,long,80,1.6125,1.6125,9.2125,9.15,0.9,0.9,0.0125,0.0125
23,long,long,80,1.6625,1.6625,9.0125,9.2375,0.9125,0.9125,0.0125,0.0125
88,long,long,80,1.6625,1.6625,9.1375,9.2625,0.9125,0.9125,0.0125,0.0125
64,long,long,80,1.6625,1.6625,8.9375,9.2,0.9125,0.9125,0.0125,0.0125
38,long,long,80,1.6625,1.6625,9.0375,9.3,0.9125,0.9125,0.0125,0.0125
81,long,long,80,1.6125,1.6125,8.8,9.075,0.9,0.9,0.0125,0.0125
77,long,long,80,1.6625,1.6625,9.0125,9.0375,0.9125,0.9125,0.0125,0.0125
20,long,long,80,1.6125,1.6125,9.025,9.15,0.9,0.9,0.0125,0.0125
28,combined,short,80,1.225,1.225,3.9125,3.975,0.8,0.8,0.025,0.025
10,combined,short,80,1.125,1.125,3.925,3.95,0.775,0.775,0.025,0.025
53,combined,short,80,1.225,1.225,3.9125,3.9125,0.8,0.8,0.025,0.025
39,combined,short,80,1.275,1.275,3.9375,3.95,0.8125,0.8125,0.025,0.025
37,combined,short,80,1.075,1.075,3.925,3.9375,0.7625,0.7625,0.025,0.025
1,combined,short,80,1.225,1.225,4.0,3.975,0.8,0.8,0.025,0.025
18,combined,short,80,1.275,1.275,3.925,3.95,0.8125,0.8125,0.025,0.025
8,combined,short,80,1.175,1.175,3.925,3.95,0.7875,0.7875,0.025,0.025
32,combined,short,80,1.225,1.225,3.9625,3.9125,0.8,0.8,0.025,0.025
68,combined,short,80,1.375,1.325,3.9,3.9625,0.8375,0.825,0.025,0.025
70,combined,short,80,1.275,1.275,4.025,3.9875,0.8125,0.8125,0.025,0.025
44,combined,short,80,1.175,1.125,3.95,3.9875,0.7875,0.775,0.025,0.025
14,combined,short,80,1.325,1.325,3.95,3.9625,0.825,0.825,0.025,0.025
78,combined,short,80,1.225,1.225,3.95,4.0,0.8,0.8,0.025,0.025
84,combined,short,80,1.125,1.125,3.925,3.9375,0.775,0.775,0.025,0.025
55,combined,short,80,1.025,1.025,3.9625,3.95,0.75,0.75,0.025,0.025
34,combined,short,80,1.175,1.175,3.95,3.9875,0.7875,0.7875,0.025,0.025
74,combined,short,80,1.225,1.225,4.0125,3.9625,0.8,0.8,0.025,0.025
65,combined,short,80,1.225,1.175,3.925,3.9125,0.8,0.7875,0.025,0.025
49,combined,short,80,1.175,1.175,3.975,4.0,0.7875,0.7875,0.025,0.025
104,combined,short,80,1.225,1.225,4.0125,3.9,0.8,0.8,0.025,0.025
89,combined,short,80,1.175,1.175,3.8625,3.9125,0.7875,0.7875,0.025,0.025
56,combined,short,80,1.175,1.175,3.925,3.9625,0.7875,0.7875,0.025,0.025
4,combined,short,80,1.225,1.225,3.975,3.9375,0.8,0.8,0.025,0.025
33,combined,short,80,1.175,1.175,3.9375,3.9875,0.7875,0.7875,0.025,0.025
82,combined,short,80,1.225,1.225,3.9375,4.0,0.8,0.8,0.025,0.025
41,combined,short,80,1.225,1.225,3.975,3.9625,0.8,0.8,0.025,0.025
47,combined,short,80,1.275,1.275,3.9375,3.95,0.8125,0.8125,0.025,0.025
51,combined,short,80,1.175,1.175,3.9625,3.9875,0.7875,0.7875,0.025,0.025
63,combined,short,80,1.175,1.175,3.9625,4.0125,0.7875,0.7875,0.025,0.025
99,combined,short,80,1.225,1.225,3.9625,3.9125,0.8,0.8,0.025,0.025
26,combined,short,80,1.275,1.275,4.0125,3.925,0.8125,0.8125,0.025,0.025
80,combined,short,80,1.025,1.025,3.9375,3.9875,0.75,0.75,0.025,0.025
75,combined,short,80,1.225,1.225,3.8625,3.95,0.8,0.8,0.025,0.025
13,combined,short,80,1.125,1.125,3.9875,3.9,0.775,0.775,0.025,0.025
29,combined,short,80,1.225,1.225,3.95,3.9125,0.8,0.8,0.025,0.025
46,combined,short,80,1.325,1.325,3.9375,3.975,0.825,0.825,0.025,0.025
52,combined,short,80,1.125,1.125,3.975,3.975,0.775,0.775,0.025,0.025
67,combined,short,80,1.275,1.275,3.9625,3.9375,0.8125,0.8125,0.025,0.025
105,combined,short,80,1.225,1.225,3.9,3.9375,0.8,0.8,0.025,0.025
101,combined,short,80,1.175,1.175,3.8875,3.925,0.7875,0.7875,0.025,0.025
61,combined,short,80,1.125,1.125,3.9625,3.9625,0.775,0.775,0.025,0.025
27,combined,short,80,1.325,1.325,4.0,4.025,0.825,0.825,0.025,0.025
93,combined,short,80,1.025,1.075,3.9,4.0,0.75,0.7625,0.025,0.025
17,combined,short,80,0.975,0.975,3.9625,3.875,0.7375,0.7375,0.025,0.025
7,combined,short,80,1.275,1.275,3.95,3.9875,0.8125,0.8125,0.025,0.025
12,combined,short,80,1.175,1.175,3.9375,3.95,0.7875,0.7875,0.025,0.025
103,combined,short,80,1.125,1.125,3.9125,3.9625,0.775,0.775,0.025,0.025
48,combined,short,80,1.125,1.125,3.9125,3.95,0.775,0.775,0.025,0.025
43,combined,short,80,1.325,1.325,3.9125,3.9625,0.825,0.825,0.025,0.025
100,combined,short,80,1.225,1.225,3.95,3.9625,0.8,0.8,0.025,0.025
45,combined,short,80,1.225,1.225,3.925,3.8875,0.8,0.8,0.025,0.025
73,combined,short,80,1.125,1.125,3.925,3.925,0.775,0.775,0.025,0.025
24,combined,short,80,1.225,1.225,3.9625,3.9625,0.8,0.8,0.025,0.025
71,combined,short,80,1.275,1.275,3.925,3.9875,0.8125,0.8125,0.025,0.025
76,combined,short,80,1.175,1.175,3.8875,3.9625,0.7875,0.7875,0.025,0.025
96,combined,short,80,1.075,1.075,3.9875,3.9875,0.7625,0.7625,0.025,0.025
98,combined,short,80,1.125,1.125,3.9125,3.9625,0.775,0.775,0.025,0.025
97,combined,short,80,1.175,1.175,3.9625,3.9625,0.7875,0.7875,0.025,0.025
79,combined,short,80,1.175,1.175,3.8875,3.9375,0.7875,0.7875,0.025,0.025
58,combined,short,80,1.175,1.175,3.8875,4.0,0.7875,0.7875,0.025,0.025
9,combined,short,80,1.175,1.125,3.975,3.925,0.7875,0.775,0.025,0.025
35,combined,short,80,1.125,1.125,3.925,3.9875,0.775,0.775,0.025,0.025
92,combined,short,80,1.075,1.075,3.975,4.0,0.7625,0.7625,0.025,0.025
42,combined,short,80,1.225,1.225,3.9875,3.9375,0.8,0.8,0.025,0.025
40,combined,short,80,1.125,1.125,3.9375,3.9625,0.775,0.775,0.025,0.025
50,combined,short,80,1.175,1.175,3.9125,3.925,0.7875,0.7875,0.025,0.025
30,combined,short,80,1.225,1.175,3.9625,3.925,0.8,0.7875,0.025,0.025
85,combined,short,80,1.175,1.175,3.925,3.9625,0.7875,0.7875,0.025,0.025
57,combined,short,80,1.125,1.125,3.9375,3.975,0.775,0.775,0.025,0.025
95,combined,short,80,1.225,1.225,3.925,3.9,0.8,0.8,0.025,0.025
21,combined,short,80,1.175,1.175,4.0,3.925,0.7875,0.7875,0.025,0.025
5,combined,short,80,1.275,1.275,3.95,3.975,0.8125,0.8125,0.025,0.025
72,combined,short,80,1.225,1.225,3.95,3.9,0.8,0.8,0.025,0.025
22,combined,short,80,1.225,1.225,3.95,3.9375,0.8,0.8,0.025,0.025
87,combined,short,80,1.175,1.175,3.9375,3.95,0.7875,0.7875,0.025,0.025
3,combined,short,80,1.175,1.175,3.9875,4.0,0.7875,0.7875,0.025,0.025
15,combined,short,80,1.375,1.375,3.9625,3.9125,0.8375,0.8375,0.025,0.025
60,combined,short,80,1.275,1.275,3.875,3.9125,0.8125,0.8125,0.025,0.025
16,combined,short,80,1.175,1.175,3.9375,3.95,0.7875,0.7875,0.025,0.025
11,combined,short,80,1.225,1.225,3.95,3.9875,0.8,0.8,0.025,0.025
83,combined,short,80,1.175,1.175,3.925,3.9625,0.7875,0.7875,0.025,0.025
66,combined,short,80,1.225,1.225,3.9875,3.9125,0.8,0.8,0.025,0.025
25,combined,short,80,1.225,1.225,3.975,3.9125,0.8,0.8,0.025,0.025
2,combined,short,80,1.175,1.175,3.9,3.9625,0.7875,0.7875,0.025,0.025
91,combined,short,80,1.275,1.225,3.9125,4.025,0.8125,0.8,0.025,0.025
19,combined,short,80,1.025,1.025,3.9625,3.925,0.75,0.75,0.025,0.025
90,combined,short,80,1.175,1.175,3.975,3.9625,0.7875,0.7875,0.025,0.025
69,combined,short,80,1.325,1.325,3.9375,3.9625,0.825,0.825,0.025,0.025
31,combined,short,80,1.175,1.175,3.9375,3.9625,0.7875,0.7875,0.025,0.025
6,combined,short,80,1.225,1.225,4.0,3.95,0.8,0.8,0.025,0.025
62,combined,short,80,1.225,1.225,3.95,4.025,0.8,0.8,0.025,0.025
59,combined,short,80,1.275,1.275,3.975,3.9,0.8125,0.8125,0.025,0.025
36,combined,short,80,1.175,1.175,3.95,3.975,0.7875,0.7875,0.025,0.025
94,combined,short,80,1.175,1.175,3.9625,3.9875,0.7875,0.7875,0.025,0.025
102,combined,short,80,1.325,1.325,3.9625,3.925,0.825,0.825,0.025,0.025
86,combined,short,80,1.125,1.125,3.975,3.9375,0.775,0.775,0.025,0.025
54,combined,short,80,1.175,1.175,3.95,4.0,0.7875,0.7875,0.025,0.025
23,combined,short,80,1.125,1.125,4.0125,3.975,0.775,0.775,0.025,0.025
88,combined,short,80,1.225,1.225,3.9375,4.0,0.8,0.8,0.025,0.025
64,combined,short,80,1.125,1.125,3.9875,3.9625,0.775,0.775,0.025,0.025
38,combined,short,80,1.275,1.225,3.8875,4.0,0.8125,0.8,0.025,0.025
81,combined,short,80,1.275,1.275,3.9375,3.975,0.8125,0.8125,0.025,0.025
77,combined,short,80,1.275,1.275,3.975,3.9375,0.8125,0.8125,0.025,0.025
20,combined,short,80,1.275,1.275,3.95,3.95,0.8125,0.8125,0.025,0.025
28,combined,long,80,1.6625,1.6625,9.0875,9.1375,0.9125,0.9125,0.0125,0.0125
10,combined,long,80,1.6625,1.6625,8.8875,9.0875,0.9125,0.9125,0.0125,0.0125
53,combined,long,80,1.6625,1.6625,8.9625,9.2875,0.9125,0.9125,0.0125,0.0125
39,combined,long,80,1.6625,1.6625,9.0625,9.2125,0.9125,0.9125,0.0125,0.0125
37,combined,long,80,1.5125,1.5125,9.0,9.2125,0.875,0.875,0.0125,0.0125
1,combined,long,80,1.6625,1.6625,8.9,9.075,0.9125,0.9125,0.0125,0.0125
18,combined,long,80,1.6625,1.6625,8.8625,9.175,0.9125,0.9125,0.0125,0.0125
8,combined,long,80,1.6625,1.6625,8.8625,9.0625,0.9125,0.9125,0.0125,0.0125
32,combined,long,80,1.6625,1.6625,8.9125,9.0,0.9125,0.9125,0.0125,0.0125
68,combined,long,80,1.6625,1.6625,9.05,9.2125,0.9125,0.9125,0.0125,0.0125
70,combined,long,80,1.6625,1.6625,9.0125,9.05,0.9125,0.9125,0.0125,0.0125
44,combined,long,80,1.6125,1.6125,8.8375,9.15,0.9,0.9,0.0125,0.0125
14,combined,long,80,1.6625,1.6625,9.025,9.125,0.9125,0.9125,0.0125,0.0125
78,combined,long,80,1.6625,1.6625,8.8875,9.125,0.9125,0.9125,0.0125,0.0125
84,combined,long,80,1.6625,1.6625,9.0375,9.075,0.9125,0.9125,0.0125,0.0125
55,combined,long,80,1.6125,1.6125,8.975,9.0625,0.9,0.9,0.0125,0.0125
34,combined,long,80,1.6125,1.6125,8.9,8.9375,0.9,0.9,0.0125,0.0125
74,combined,long,80,1.6625,1.6625,9.1625,9.175,0.9125,0.9125,0.0125,0.0125
65,combined,long,80,1.6125,1.6125,8.925,9.175,0.9,0.9,0.0125,0.0125
49,combined,long,80,1.6125,1.6125,8.95,9.2375,0.9,0.9,0.0125,0.0125
104,combined,long,80,1.6625,1.6625,9.1375,9.125,0.9125,0.9125,0.0125,0.0125
89,combined,long,80,1.6625,1.6625,9.05,9.0375,0.9125,0.9125,0.0125,0.0125
56,combined,long,80,1.6625,1.6625,9.125,9.0375,0.9125,0.9125,0.0125,0.0125
4,combined,long,80,1.6625,1.6625,9.1,9.125,0.9125,0.9125,0.0125,0.0125
33,combined,long,80,1.6625,1.6625,8.9625,9.0625,0.9125,0.9125,0.0125,0.0125
82,combined,long,80,1.6625,1.6625,9.0625,9.0625,0.9125,0.9125,0.0125,0.0125
41,combined,long,80,1.6625,1.6625,9.075,9.1875,0.9125,0.9125,0.0125,0.0125
47,combined,long,80,1.6625,1.6625,8.9875,9.125,0.9125,0.9125,0.0125,0.0125
51,combined,long,80,1.6625,1.6625,8.9875,9.1375,0.9125,0.9125,0.0125,0.0125
63,combined,long,80,1.6125,1.6125,9.0625,9.0625,0.9,0.9,0.0125,0.0125
99,combined,long,80,1.6625,1.6625,9.0,9.15,0.9125,0.9125,0.0125,0.0125
26,combined,long,80,1.6625,1.6625,9.0875,9.15,0.9125,0.9125,0.0125,0.0125
80,combined,long,80,1.6125,1.6125,9.2,9.125,0.9,0.9,0.0125,0.0125
75,combined,long,80,1.6625,1.6625,9.0375,9.1875,0.9125,0.9125,0.0125,0.0125
13,combined,long,80,1.6625,1.6625,8.925,9.1,0.9125,0.9125,0.0125,0.0125
29,combined,long,80,1.6125,1.6125,8.9625,9.05,0.9,0.9,0.0125,0.0125
46,combined,long,80,1.5625,1.5625,9.15,9.1375,0.8875,0.8875,0.0125,0.0125
52,combined,long,80,1.6125,1.6125,9.075,9.1375,0.9,0.9,0.0125,0.0125
67,combined,long,80,1.6625,1.6625,9.05,9.0875,0.9125,0.9125,0.0125,0.0125
105,combined,long,80,1.6625,1.6625,9.05,9.1375,0.9125,0.9125,0.0125,0.0125
101,combined,long,80,1.6625,1.6625,9.1375,9.075,0.9125,0.9125,0.0125,0.0125
61,combined,long,80,1.6625,1.6625,8.975,9.175,0.9125,0.9125,0.0125,0.0125
27,combined,long,80,1.6625,1.6625,9.075,9.0125,0.9125,0.9125,0.0125,0.0125
93,combined,long,80,1.5625,1.5625,9.15,9.0875,0.8875,0.8875,0.0125,0.0125
17,combined,long,80,1.5625,1.5625,9.0375,9.125,0.8875,0.8875,0.0125,0.0125
7,combined,long,80,1.6125,1.6125,9.075,9.0375,0.9,0.9,0.0125,0.0125
12,combined,long,80,1.6625,1.6625,8.9375,9.225,0.9125,0.9125,0.0125,0.0125
103,combined,long,80,1.6625,1.6625,9.125,9.1,0.9125,0.9125,0.0125,0.0125
48,combined,long,80,1.6625,1.6625,8.975,9.05,0.9125,0.9125,0.0125,0.0125
43,combined,long,80,1.6625,1.6625,9.05,9.0375,0.9125,0.9125,0.0125,0.0125
100,combined,long,80,1.6625,1.6625,9.1875,9.075,0.9125,0.9125,0.0125,0.0125
45,combined,long,80,1.6625,1.6625,9.0125,9.2375,0.9125,0.9125,0.0125,0.0125
73,combined,long,80,1.6125,1.6125,8.9875,9.05,0.9,0.9,0.0125,0.0125
24,combined,long,80,1.6625,1.6625,8.9625,9.05,0.9125,0.9125,0.0125,0.0125
71,combined,long,80,1.6125,1.6125,9.1125,9.2,0.9,0.9,0.0125,0.0125
76,combined,long,80,1.6625,1.6625,9.175,9.25,0.9125,0.9125,0.0125,0.0125
96,combined,long,80,1.6625,1.6625,9.0375,9.0625,0.9125,0.9125,0.0125,0.0125
98,combined,long,80,1.6625,1.6625,8.95,9.075,0.9125,0.9125,0.0125,0.0125
97,combined,long,80,1.6625,1.6625,9.0125,9.125,0.9125,0.9125,0.0125,0.0125
79,combined,long,80,1.6125,1.6125,9.125,9.075,0.9,0.9,0.0125,0.0125
58,combined,long,80,1.6625,1.6625,8.9625,8.975,0.9125,0.9125,0.0125,0.0125
9,combined,long,80,1.6125,1.6125,8.825,9.275,0.9,0.9,0.0125,0.0125
35,combined,long,80,1.6625,1.6625,9.1125,9.15,0.9125,0.9125,0.0125,0.0125
92,combined,long,80,1.6625,1.6625,9.175,9.0625,0.9125,0.9125,0.0125,0.0125
42,combined,long,80,1.6625,1.6625,9.0375,9.1375,0.9125,0.9125,0.0125,0.0125
40,combined,long,80,1.6625,1.6625,9.0375,9.1125,0.9125,0.9125,0.0125,0.0125
50,combined,long,80,1.6625,1.6625,8.925,9.2125,0.9125,0.9125,0.0125,0.0125
30,combined,long,80,1.6625,1.6625,9.125,9.05,0.9125,0.9125,0.0125,0.0125
85,combined,long,80,1.6625,1.6625,8.9625,9.125,0.9125,0.9125,0.0125,0.0125
57,combined,long,80,1.6625,1.6625,8.925,9.125,0.9125,0.9125,0.0125,0.0125
95,combined,long,80,1.6625,1.6625,9.1625,9.0,0.9125,0.9125,0.0125,0.0125
21,combined,long,80,1.6625,1.6625,9.0,9.2,0.9125,0.9125,0.0125,0.0125
5,combined,long,80,1.6125,1.6125,9.1375,9.1625,0.9,0.9,0.0125,0.0125
72,combined,long,80,1.6625,1.6625,9.0875,9.15,0.9125,0.9125,0.0125,0.0125
22,combined,long,80,1.6625,1.6625,9.05,9.0875,0.9125,0.9125,0.0125,0.0125
87,combined,long,80,1.7125,1.7125,8.9,9.2,0.925,0.925,0.0125,0.0125
3,combined,long,80,1.5625,1.5625,9.125,9.0625,0.8875,0.8875,0.0125,0.0125
15,combined,long,80,1.6625,1.6625,9.025,9.175,0.9125,0.9125,0.0125,0.0125
60,combined,long,80,1.6625,1.6625,9.225,9.2,0.9125,0.9125,0.0125,0.0125
16,combined,long,80,1.6125,1.6125,9.0,9.225,0.9,0.9,0.0125,0.0125
11,combined,long,80,1.6625,1.6625,9.0875,9.1625,0.9125,0.9125,0.0125,0.0125
83,combined,long,80,1.6125,1.6125,9.0125,9.0375,0.9,0.9,0.0125,0.0125
66,combined,long,80,1.6625,1.6625,9.275,9.0375,0.9125,0.9125,0.0125,0.0125
25,combined,long,80,1.6125,1.6125,8.775,9.3375,0.9,0.9,0.0125,0.0125
2,combined,long,80,1.6625,1.6625,9.075,9.05,0.9125,0.9125,0.0125,0.0125
91,combined,long,80,1.6125,1.6125,9.0375,9.1875,0.9,0.9,0.0125,0.0125
19,combined,long,80,1.6625,1.6625,8.85,9.175,0.9125,0.9125,0.0125,0.0125
90,combined,long,80,1.6625,1.6625,8.9125,9.075,0.9125,0.9125,0.0125,0.0125
69,combined,long,80,1.6625,1.6625,9.1,9.0875,0.9125,0.9125,0.0125,0.0125
31,combined,long,80,1.6625,1.6625,8.9875,8.9875,0.9125,0.9125,0.0125,0.0125
6,combined,long,80,1.6625,1.6625,9.0125,9.05,0.9125,0.9125,0.0125,0.0125
62,combined,long,80,1.6625,1.6625,9.0,9.1875,0.9125,0.9125,0.0125,0.0125
59,combined,long,80,1.6625,1.6625,8.9875,9.2875,0.9125,0.9125,0.0125,0.0125
36,combined,long,80,1.6625,1.6625,9.0625,9.125,0.9125,0.9125,0.0125,0.0125
94,combined,long,80,1.6625,1.6625,9.1125,9.1875,0.9125,0.9125,0.0125,0.0125
102,combined,long,80,1.6625,1.6625,9.0,9.1875,0.9125,0.9125,0.0125,0.0125
86,combined,long,80,1.6625,1.6625,9.0125,9.125,0.9125,0.9125,0.0125,0.0125
54,combined,long,80,1.6125,1.6125,9.0625,9.225,0.9,0.9,0.0125,0.0125
23,combined,long,80,1.6625,1.6625,8.925,9.0375,0.9125,0.9125,0.0125,0.0125
88,combined,long,80,1.6625,1.6625,8.9625,9.15,0.9125,0.9125,0.0125,0.0125
64,combined,long,80,1.6625,1.6625,8.925,9.225,0.9125,0.9125,0.0125,0.0125
38,combined,long,80,1.6625,1.6625,9.2625,9.2,0.9125,0.9125,0.0125,0.0125
81,combined,long,80,1.6125,1.6125,9.0375,9.2375,0.9,0.9,0.0125,0.0125
77,combined,long,80,1.6625,1.6625,9.025,9.15,0.9125,0.9125,0.0125,0.0125
20,combined,long,80,1.6125,1.6125,9.0875,9.0625,0.9,0.9,0.0125,0.0125
